origin,destination,count
GVS,MLR,1
GVS,JTL,1
GVS,PZE,1
GVS,OTY,11
GVS,DJG,1
GVS,TGV,4
GVS,TWW,6
GVS,ZBE,4
GVS,YKI,11
GVS,BGO,3
GVS,GUW,1
GVS,QTI,1
GVS,ABC,1
GVS,TWU,1
GVS,CGK,1
GVS,VVC,3
GVS,UQK,2
GVS,JUR,1
GVS,JBU,7
GVS,MWE,5
GVS,NFE,1
GVS,HBL,4
GVS,KTM,1
GVS,NLI,3
GVS,DFL,1
GVS,SWY,1
GVS,DAJ,20
GVS,LAK,6
GVS,TRH,2
GVS,ECD,1
GVS,LEU,7
GVS,CRF,1
LZO,GLK,1
LZO,YKI,1
LZO,ZBU,1
LZO,UQK,2
LZO,TWT,2
LZO,JBU,1
LZO,NLI,1
LZO,HVO,2
LZO,LAK,2
WGY,MLR,2
WGY,OTY,1
WGY,TGV,4
WGY,VBD,1
WGY,YKI,3
WGY,QTI,1
WGY,UQK,1
WGY,JBU,3
WGY,VHR,1
WGY,HBL,1
WGY,SEN,5
WGY,DAJ,1
WGY,LAK,5
WGY,LEU,1
DOK,HYW,4
DOK,FGU,2
DOK,HON,1
DOK,ZBU,1
DOK,UQK,1
DOK,TWT,2
DOK,ZLO,8
DOK,VHR,1
DOK,NLI,2
DOK,ESC,1
DOK,AAF,1
DOK,LAK,2
FAA,OTB,1
FAA,BOC,1
FAA,OTY,2
FAA,BGO,2
FAA,NLI,4
FAA,LAK,4
DUO,GLK,1
DUO,HON,1
DUO,YKI,1
DUO,UQK,1
DUO,JBU,1
DUO,LAK,7
GSC,MLR,1
GSC,SBN,1
GSC,CRS,1
GSC,OTY,3
GSC,JIY,5
GSC,DJG,1
GSC,TGV,5
GSC,TWW,1
GSC,XBE,1
GSC,BGO,1
GSC,QOO,1
GSC,QRH,1
GSC,RRF,1
GSC,TWU,1
GSC,KON,2
GSC,VVC,7
GSC,ZBU,8
GSC,UQK,12
GSC,TWT,3
GSC,MXC,1
GSC,JBU,1
GSC,MWE,8
GSC,NFE,1
GSC,VHR,7
GSC,KDL,1
GSC,HBL,6
GSC,PIX,2
GSC,DFL,1
GSC,HVO,1
GSC,SEN,5
GSC,DAJ,6
GSC,LAK,10
GSC,WVO,2
GSC,GUK,6
MLR,GVS,1
MLR,WGY,1
MLR,GSC,1
MLR,DAD,1
MLR,MPA,1
MLR,CRS,6
MLR,PZE,3
MLR,OTY,8
MLR,DJG,2
MLR,GLK,2
MLR,TGV,21
MLR,KGH,7
MLR,WII,16
MLR,MFJ,1
MLR,ZBE,1
MLR,HON,1
MLR,MLS,1
MLR,YKI,6
MLR,MRN,1
MLR,HLB,2
MLR,TUZ,6
MLR,BGO,8
MLR,QOO,1
MLR,ABC,1
MLR,TWU,1
MLR,CGK,1
MLR,VVC,7
MLR,ZBU,2
MLR,UQK,10
MLR,TWT,3
MLR,JBU,16
MLR,AMD,1
MLR,ZLO,1
MLR,MWE,3
MLR,VHR,7
MLR,XJD,2
MLR,KDL,1
MLR,HBL,7
MLR,KTM,1
MLR,NLI,6
MLR,UOX,2
MLR,HVO,10
MLR,GFB,2
MLR,SEN,1
MLR,DAJ,7
MLR,LAK,28
MLR,WVO,4
MLR,ECD,1
MLR,GUK,1
MLR,LEU,8
MLR,CRF,2
SBN,GSC,2
SBN,DJG,2
SBN,GLK,2
SBN,HON,1
SBN,YKI,1
SBN,QTI,1
SBN,ABC,2
SBN,VVC,5
SBN,UQK,1
SBN,JBU,2
SBN,VHR,2
SBN,HBL,1
SBN,PIX,5
SBN,DAJ,1
SBN,LAK,1
SBN,WVO,1
SBN,ECD,2
SBN,GUK,2
SBN,CRF,1
KCG,NLI,1
KCG,DAJ,2
APW,CRS,4
APW,OTY,4
APW,YKI,2
APW,ABC,1
APW,VVC,1
APW,JUR,4
APW,JBU,7
APW,OFL,3
APW,LAK,6
LQY,BBD,9
LQY,ABC,1
LQY,VVC,4
LQY,TWT,4
LQY,ZLO,16
LQY,NLI,1
LQY,AAF,3
LQY,HFA,4
LQY,LAK,4
JWI,OTY,2
JWI,TGV,3
JWI,JBU,1
JWI,ZLO,1
JWI,LAK,5
XAX,TGV,1
XAX,VVC,1
XAX,UQK,1
XAX,JBU,2
XAX,LAK,1
DAD,MLR,1
DAD,CRS,2
DAD,RNQ,1
DAD,OTY,1
DAD,WII,1
DAD,ZBE,1
DAD,HON,1
DAD,YKI,1
DAD,BGO,6
DAD,ABC,2
DAD,TWU,1
DAD,KON,6
DAD,ZBU,4
DAD,UQK,1
DAD,TWT,4
DAD,JBU,5
DAD,HBL,1
DAD,NLI,1
DAD,HVO,6
DAD,DAJ,1
DAD,LAK,13
DSV,YKI,7
DSV,UQK,2
DSV,TWT,1
DSV,JBU,2
DSV,MWE,1
DSV,LEU,2
TUO,OTY,3
TUO,TGV,1
TUO,YKI,1
TUO,JBU,3
TUO,VHR,1
TUO,NLI,1
TUO,LAK,1
TUO,WVO,1
CSQ,OTY,1
CSQ,TGV,1
CSQ,WII,15
CSQ,MWE,2
ARN,GLK,1
ARN,HON,1
ARN,UQK,1
ARN,LAK,1
ELS,OTY,4
ELS,YKI,1
ELS,VVC,1
ELS,LAK,1
NFO,YKI,1
NFO,JBU,1
NFO,HBL,1
NFO,DAJ,6
NFO,LAK,2
EJC,OTY,2
EJC,WII,2
EJC,REU,1
YXL,CRS,4
YXL,OTY,2
YXL,WII,2
YXL,ZBE,3
YXL,HON,2
YXL,YKI,1
YXL,ABC,2
YXL,VVC,4
YXL,TWT,5
YXL,JBU,1
YXL,HBL,2
YXL,SEN,3
YXL,DAJ,2
YXL,LAK,2
MPA,MLR,1
MPA,OTY,2
MPA,DJG,2
MPA,GLK,1
MPA,ZBE,1
MPA,HON,1
MPA,YKI,7
MPA,BGO,1
MPA,ABC,1
MPA,TWU,2
MPA,KON,2
MPA,VVC,1
MPA,ZBU,1
MPA,TWT,1
MPA,JBU,3
MPA,SEN,4
MPA,DAJ,5
MPA,WVO,1
MPA,ECD,1
MPA,LEU,1
MPA,CRF,2
JTL,GVS,1
JTL,OTY,2
JTL,ZBE,1
JTL,YKI,1
JTL,QTI,1
JTL,VVC,5
JTL,JBU,1
JTL,VHR,1
JTL,HBL,2
JTL,NLI,1
JTL,SEN,2
JTL,ECD,1
JTL,LEU,10
PAP,CRS,1
PAP,HON,1
PAP,ABC,1
PAP,ZBU,1
PAP,NLI,1
PAP,LAK,1
CRS,SCX,1
CRS,GSC,1
CRS,MLR,6
CRS,APW,4
CRS,DAD,1
CRS,YXL,2
CRS,PAP,1
CRS,WEO,2
CRS,PZE,1
CRS,OTY,9
CRS,DJG,2
CRS,GLK,2
CRS,TGV,14
CRS,WII,4
CRS,FGU,1
CRS,ZBE,5
CRS,HON,17
CRS,YKI,3
CRS,ZUX,1
CRS,BGO,21
CRS,QOO,2
CRS,DNE,1
CRS,QRH,2
CRS,QTI,2
CRS,ABC,9
CRS,TWU,5
CRS,KON,4
CRS,VVC,10
CRS,FRK,2
CRS,ZBU,4
CRS,UQK,13
CRS,TFH,1
CRS,TWT,10
CRS,JBU,4
CRS,ZLO,3
CRS,VCD,1
CRS,MWE,9
CRS,XJD,1
CRS,HBL,6
CRS,NLI,4
CRS,PLS,3
CRS,DFL,2
CRS,PEY,1
CRS,HVO,6
CRS,SWY,1
CRS,OFL,6
CRS,SEN,1
CRS,DAJ,2
CRS,LAK,11
CRS,ECD,13
CRS,GUK,13
CRS,LEU,8
CRS,CRF,3
RNQ,OTY,2
RNQ,GLK,3
RNQ,YKI,1
RNQ,ABC,2
RNQ,VVC,1
RNQ,JBU,3
RNQ,HBL,2
RNQ,NLI,2
RNQ,DAJ,1
RNQ,LAK,1
WEO,CRS,3
WEO,DJG,4
WEO,TGV,2
WEO,YKI,2
WEO,UQK,1
WEO,TWT,3
WEO,HBL,1
WEO,UOX,1
WEO,DAJ,1
WEO,LAK,1
WEO,LEU,1
BOC,FAA,1
BOC,OTY,2
BOC,OER,2
PZE,GVS,1
PZE,MLR,2
PZE,CRS,1
PZE,WII,3
PZE,MFJ,1
PZE,ZBE,3
PZE,YKI,4
PZE,BGO,1
PZE,QRH,1
PZE,ABC,1
PZE,TWU,1
PZE,UQK,2
PZE,JBU,2
PZE,MWE,1
PZE,VHR,4
PZE,HBL,1
PZE,UOX,3
PZE,SEN,3
PZE,DAJ,1
PZE,LAK,8
PZE,WVO,4
PZE,ECD,4
OTY,KIU,1
OTY,XTJ,1
OTY,UIZ,2
OTY,WIT,3
OTY,OBL,1
OTY,GVS,11
OTY,WGY,1
OTY,FAA,2
OTY,GSC,3
OTY,MLR,9
OTY,APW,3
OTY,JWI,2
OTY,JCC,2
OTY,DAD,1
OTY,TUO,1
OTY,CSQ,1
OTY,ELS,6
OTY,EJC,2
OTY,YXL,1
OTY,MPA,1
OTY,JTL,3
OTY,CRS,8
OTY,TAW,1
OTY,RNQ,2
OTY,BOC,4
OTY,DJG,5
OTY,GLK,10
OTY,TGV,26
OTY,KBT,1
OTY,TWW,4
OTY,WII,16
OTY,HXW,1
OTY,FGU,1
OTY,MFJ,3
OTY,ZBE,11
OTY,HON,14
OTY,VBD,1
OTY,MLS,1
OTY,XBE,1
OTY,YKI,27
OTY,SSY,4
OTY,REU,4
OTY,UGR,2
OTY,HLB,1
OTY,WJM,1
OTY,ZUX,1
OTY,OER,8
OTY,BGO,17
OTY,WQF,3
OTY,QOO,7
OTY,ROY,3
OTY,GUW,1
OTY,ERQ,2
OTY,QRH,7
OTY,YHO,3
OTY,QTI,7
OTY,YLK,2
OTY,ABC,16
OTY,TWU,11
OTY,KON,6
OTY,FRK,3
OTY,ZBU,7
OTY,APP,2
OTY,UQK,21
OTY,TFH,1
OTY,TWT,4
OTY,JUR,5
OTY,QDE,1
OTY,MXC,2
OTY,JBU,29
OTY,AMD,1
OTY,ZLO,3
OTY,VCD,2
OTY,ZIF,1
OTY,MWE,12
OTY,NFE,1
OTY,LAP,3
OTY,VHR,3
OTY,PUM,2
OTY,XRN,1
OTY,XJD,5
OTY,KDL,1
OTY,HBL,31
OTY,PIX,6
OTY,NLI,17
OTY,UOX,21
OTY,PEY,2
OTY,HVO,14
OTY,SWY,2
OTY,AJG,1
OTY,VRJ,1
OTY,GFB,1
OTY,OFL,11
OTY,LBN,3
OTY,SEN,7
OTY,DAJ,44
OTY,CLW,5
OTY,XJX,1
OTY,LAK,14
OTY,WVO,13
OTY,ECD,15
OTY,GUK,2
OTY,LEU,13
OTY,CRF,5
JIY,GSC,5
JIY,YKI,1
JIY,VVC,6
JIY,UQK,1
JIY,TWT,1
JIY,JBU,1
DJG,GVS,1
DJG,GSC,1
DJG,MLR,2
DJG,SBN,1
DJG,MPA,2
DJG,CRS,2
DJG,YVE,1
DJG,WEO,4
DJG,OTY,6
DJG,TGV,8
DJG,WII,1
DJG,MFJ,2
DJG,ZBE,5
DJG,HON,4
DJG,YKI,2
DJG,WJM,2
DJG,OER,2
DJG,BGO,9
DJG,ABC,2
DJG,FPK,1
DJG,CKQ,1
DJG,TWU,2
DJG,KON,3
DJG,CGK,1
DJG,VVC,12
DJG,ZBU,4
DJG,APP,1
DJG,UQK,5
DJG,TFH,1
DJG,TWT,5
DJG,JUR,3
DJG,MXC,2
DJG,JBU,4
DJG,MWE,9
DJG,VHR,10
DJG,AAH,5
DJG,HBL,10
DJG,KTM,1
DJG,PIX,2
DJG,NLI,8
DJG,HVO,7
DJG,OFL,1
DJG,SEN,2
DJG,DAJ,13
DJG,LAK,14
DJG,WVO,1
DJG,ECD,7
DJG,GUK,1
DJG,LEU,7
DJG,CRF,1
GLK,LZO,2
GLK,DUO,2
GLK,MLR,2
GLK,SBN,2
GLK,ARN,1
GLK,MPA,2
GLK,CRS,2
GLK,RNQ,2
GLK,OTY,9
GLK,TGV,2
GLK,FGU,1
GLK,ZBE,8
GLK,VBD,1
GLK,YKI,11
GLK,ZUX,1
GLK,OER,2
GLK,BGO,3
GLK,ZJT,4
GLK,FOK,2
GLK,QTI,4
GLK,FPK,1
GLK,TWU,3
GLK,KON,2
GLK,VVC,9
GLK,FRK,1
GLK,ZBU,11
GLK,APP,1
GLK,UQK,45
GLK,QHT,2
GLK,VPY,2
GLK,TWT,7
GLK,MOS,2
GLK,JUR,3
GLK,JBU,15
GLK,AMD,1
GLK,ZLO,2
GLK,MWE,9
GLK,VHR,7
GLK,XJD,1
GLK,HBL,9
GLK,PIX,6
GLK,HFE,1
GLK,HVO,12
GLK,SWY,1
GLK,OFL,1
GLK,JVF,2
GLK,SEN,9
GLK,DAJ,6
GLK,LAK,36
GLK,WVO,10
GLK,ECD,3
GLK,LEU,4
GLK,CRF,1
EVA,KBT,2
EVA,WII,18
EVA,OYB,3
TGV,FLX,2
TGV,GVS,4
TGV,SCX,1
TGV,WGY,4
TGV,GSC,2
TGV,ZFF,1
TGV,MLR,19
TGV,JWI,3
TGV,JCC,1
TGV,XAX,1
TGV,TUO,1
TGV,CSQ,2
TGV,JLJ,1
TGV,CRS,12
TGV,TAW,2
TGV,WEO,3
TGV,OTY,21
TGV,LAE,3
TGV,DJG,9
TGV,GLK,5
TGV,KBT,1
TGV,WII,17
TGV,OGW,1
TGV,FHO,1
TGV,FGU,1
TGV,MFJ,1
TGV,SAG,1
TGV,MAH,2
TGV,ZBE,4
TGV,HON,4
TGV,VBD,3
TGV,YKI,24
TGV,TVU,3
TGV,EZC,2
TGV,MRN,1
TGV,REU,3
TGV,HLB,2
TGV,WJM,1
TGV,ZUX,1
TGV,TUZ,2
TGV,OER,6
TGV,QOO,5
TGV,DNE,1
TGV,ERQ,1
TGV,QRH,15
TGV,QTI,4
TGV,YLK,4
TGV,ABC,8
TGV,NMW,2
TGV,CKQ,11
TGV,TWU,1
TGV,YDS,6
TGV,CGK,2
TGV,VVC,8
TGV,FRK,14
TGV,ZBU,5
TGV,UQK,26
TGV,VPY,1
TGV,TFH,1
TGV,TWT,12
TGV,JUR,3
TGV,QDE,1
TGV,JBU,41
TGV,ZLO,3
TGV,ZIF,2
TGV,MWE,11
TGV,NFE,1
TGV,VHR,13
TGV,PUM,3
TGV,XJD,7
TGV,KDL,3
TGV,HBL,17
TGV,KTM,1
TGV,PIX,1
TGV,NLI,13
TGV,PLS,1
TGV,VWJ,3
TGV,UOX,8
TGV,HVO,2
TGV,SWY,1
TGV,HFA,12
TGV,GFB,1
TGV,OFL,2
TGV,SEN,12
TGV,DAJ,14
TGV,CJZ,1
TGV,CLW,1
TGV,LAK,41
TGV,WVO,20
TGV,TRH,1
TGV,ECD,6
TGV,GUK,3
TGV,LEU,7
TGV,CRF,11
KVW,ANG,1
KVW,KBT,1
KVW,WII,1
KVW,BGO,1
KVW,UQK,1
KVW,LAK,3
KBT,EVA,2
KBT,TGV,2
KBT,KVW,1
KBT,WII,15
KBT,YKI,1
KBT,BGO,1
KBT,NLI,1
KBT,HVO,2
KBT,IUC,2
KGH,MLR,6
KGH,TGV,6
KGH,TUZ,5
KGH,VVC,4
KGH,JBU,6
KGH,LAK,2
TWW,GVS,4
TWW,GSC,1
TWW,OTY,2
TWW,MFJ,1
TWW,ZBE,2
TWW,BGO,4
TWW,CGK,2
TWW,VVC,4
TWW,TWT,1
TWW,MWE,1
TWW,HBL,5
TWW,NLI,2
TWW,DAJ,29
TWW,TRH,1
TWW,ECD,2
TWW,LEU,1
WII,ZKD,2
WII,RDF,1
WII,IJX,1
WII,ZFF,1
WII,MLR,17
WII,APW,2
WII,DAD,1
WII,ANG,2
WII,CSQ,20
WII,EJC,2
WII,YXL,2
WII,CRS,8
WII,PZE,3
WII,OTY,15
WII,DJG,1
WII,EVA,16
WII,TGV,4
WII,KVW,1
WII,KBT,18
WII,NKA,1
WII,HON,1
WII,YKI,3
WII,OEH,1
WII,REU,14
WII,SSU,2
WII,HLB,1
WII,TUZ,1
WII,BGO,17
WII,QRH,5
WII,QTI,1
WII,ABC,2
WII,TWU,4
WII,KON,2
WII,VVC,6
WII,FRK,8
WII,ZBU,6
WII,UQK,2
WII,TWT,2
WII,JBU,14
WII,AMD,1
WII,ZLO,4
WII,MWE,6
WII,VHR,7
WII,XJD,1
WII,HBL,12
WII,NLI,11
WII,HVO,10
WII,TMZ,4
WII,HFA,2
WII,SEN,4
WII,DAJ,4
WII,OYB,17
WII,ICP,3
WII,IUC,1
WII,LAK,18
WII,WVO,3
WII,ECD,7
WII,LEU,4
WII,CRF,2
OGW,YKI,1
OGW,UQK,2
NKA,WII,1
FHO,TGV,1
FHO,ZBE,1
FHO,HON,1
FHO,ABC,1
FHO,KON,1
FHO,JBU,1
FHO,VHR,1
FHO,DAJ,1
FHO,WVO,1
FGU,DOK,1
FGU,CRS,1
FGU,OTY,1
FGU,TGV,1
FGU,ZBE,1
FGU,ZBU,3
FGU,UQK,3
FGU,TWT,1
FGU,ZLO,1
FGU,HBL,2
FGU,PIX,2
FGU,LAK,3
FGU,ECD,1
MFJ,PZE,1
MFJ,OTY,2
MFJ,DJG,2
MFJ,TGV,1
MFJ,TWW,1
MFJ,VVC,3
MFJ,JBU,1
MFJ,NLI,1
MFJ,DAJ,5
MFJ,LAK,3
MFJ,ECD,1
MFJ,LEU,1
SAG,TGV,1
SAG,QTI,1
SAG,VHR,1
SAG,DAJ,2
SAG,LAK,2
SAG,WVO,1
MAH,TGV,2
ZBE,GVS,5
ZBE,MLR,3
ZBE,APW,2
ZBE,DAD,1
ZBE,YXL,3
ZBE,MPA,1
ZBE,JTL,1
ZBE,JQB,2
ZBE,CRS,8
ZBE,TAW,4
ZBE,OTY,11
ZBE,DJG,5
ZBE,GLK,8
ZBE,TGV,2
ZBE,TWW,2
ZBE,WII,1
ZBE,FHO,1
ZBE,HON,6
ZBE,YKI,7
ZBE,SSY,2
ZBE,QRH,1
ZBE,QTI,2
ZBE,ABC,5
ZBE,KON,6
ZBE,CGK,2
ZBE,VVC,18
ZBE,FRK,1
ZBE,ZBU,12
ZBE,UQK,18
ZBE,TWT,8
ZBE,JUR,3
ZBE,JBU,17
ZBE,ZLO,2
ZBE,NFE,4
ZBE,VHR,11
ZBE,AAH,1
ZBE,KDL,1
ZBE,HBL,4
ZBE,PIX,1
ZBE,NLI,9
ZBE,VWJ,4
ZBE,PEY,2
ZBE,HVO,3
ZBE,SWY,1
ZBE,OFL,8
ZBE,SEN,7
ZBE,DAJ,18
ZBE,LAK,35
ZBE,WVO,17
ZBE,GUK,2
ZBE,LEU,10
ZBE,CRF,4
HON,SCX,1
HON,DOK,1
HON,DUO,1
HON,SBN,1
HON,DAD,1
HON,ARN,1
HON,YXL,2
HON,MPA,3
HON,PAP,2
HON,CRS,19
HON,HYW,3
HON,OTY,13
HON,DJG,4
HON,TGV,6
HON,WII,1
HON,FHO,1
HON,ZBE,6
HON,VBD,1
HON,DKR,3
HON,XBE,1
HON,YKI,24
HON,ZUX,1
HON,OER,3
HON,BGO,6
HON,QOO,2
HON,QRH,1
HON,QTI,2
HON,TWU,2
HON,KON,5
HON,VVC,7
HON,FRK,1
HON,ZBU,19
HON,APP,1
HON,UQK,26
HON,TWT,5
HON,TGA,2
HON,JBU,13
HON,ZLO,1
HON,MWE,9
HON,NFE,2
HON,VHR,2
HON,XJD,1
HON,HBL,7
HON,PIX,7
HON,NLI,2
HON,DFL,1
HON,ESC,2
HON,PEY,1
HON,AAF,2
HON,HVO,11
HON,VRJ,1
HON,HFA,1
HON,SEN,3
HON,DAJ,3
HON,NXZ,1
HON,LAK,44
HON,WVO,8
HON,ECD,7
HON,UAH,3
HON,LEU,1
HON,CRF,2
VBD,WGY,1
VBD,OTY,4
VBD,GLK,1
VBD,TGV,3
VBD,HON,1
VBD,YKI,2
VBD,VVC,2
VBD,FRK,1
VBD,JBU,3
VBD,DAJ,1
VBD,LAK,3
VBD,WVO,3
VBD,GUK,1
MLS,MLR,1
MLS,OTY,1
MLS,DJG,2
MLS,YKI,3
MLS,UQK,1
MLS,JBU,2
MLS,HBL,1
MLS,WVO,1
DKR,ZBE,1
DKR,HON,2
DKR,YKI,4
DKR,BGO,2
DKR,ABC,2
DKR,UQK,3
DKR,JBU,1
DKR,MWE,1
DKR,HBL,1
DKR,NLI,2
DKR,HVO,4
DKR,LAK,7
DKR,GUK,1
YKI,GVS,9
YKI,LZO,1
YKI,WGY,2
YKI,DUO,2
YKI,MLR,5
YKI,SBN,1
YKI,APW,2
YKI,JCC,1
YKI,DSV,6
YKI,TUO,1
YKI,ELS,1
YKI,YXL,1
YKI,MPA,5
YKI,JTL,1
YKI,CRS,4
YKI,TAW,7
YKI,WEO,1
YKI,PZE,2
YKI,OTY,24
YKI,JIY,1
YKI,DJG,3
YKI,GLK,12
YKI,TGV,22
YKI,KBT,1
YKI,WII,3
YKI,OGW,2
YKI,MFJ,1
YKI,ZBE,7
YKI,HON,22
YKI,VBD,1
YKI,MLS,2
YKI,DKR,4
YKI,SSY,1
YKI,GLF,2
YKI,ZUX,2
YKI,OER,12
YKI,BGO,24
YKI,QOO,9
YKI,DNE,3
YKI,ROY,1
YKI,FID,2
YKI,ERQ,3
YKI,QRH,2
YKI,QTI,9
YKI,ABC,16
YKI,BSL,2
YKI,CKQ,2
YKI,TWU,3
YKI,KON,8
YKI,CGK,3
YKI,CJS,1
YKI,VVC,31
YKI,FRK,1
YKI,ZBU,14
YKI,UQK,13
YKI,CSE,1
YKI,QHT,1
YKI,TFH,2
YKI,TWT,27
YKI,MOS,3
YKI,AMD,3
YKI,ZLO,6
YKI,VCD,1
YKI,ZIF,4
YKI,MWE,14
YKI,NFE,1
YKI,VHR,20
YKI,PUM,1
YKI,CME,1
YKI,XJD,19
YKI,KDL,1
YKI,UON,2
YKI,HBL,19
YKI,KTM,1
YKI,PIX,5
YKI,NLI,32
YKI,HAO,1
YKI,DFL,4
YKI,VWJ,1
YKI,UOX,1
YKI,PEY,3
YKI,QUJ,1
YKI,HVO,17
YKI,SWY,2
YKI,VRJ,1
YKI,SEN,4
YKI,DAJ,18
YKI,CLW,1
YKI,LAK,34
YKI,WVO,2
YKI,YNP,1
YKI,GUK,8
YKI,LEU,14
YKI,CRF,6
SSY,TAW,2
SSY,OTY,4
SSY,ZBE,2
SSY,YKI,1
SSY,OER,4
SSY,BGO,4
SSY,VVC,2
SSY,JBU,1
SSY,NLI,4
REU,EJC,1
REU,OTY,3
REU,TGV,4
REU,WII,15
REU,VVC,5
REU,NLI,1
REU,LAK,2
TUZ,MLR,4
TUZ,TGV,2
TUZ,KGH,4
TUZ,WII,1
TUZ,HLB,1
TUZ,VVC,4
OER,TAW,2
OER,BOC,2
OER,OTY,7
OER,DJG,2
OER,GLK,2
OER,TGV,6
OER,HON,3
OER,YKI,14
OER,SSY,4
OER,BGO,6
OER,QOO,1
OER,FID,1
OER,ABC,6
OER,KON,3
OER,VVC,3
OER,ZBU,3
OER,UQK,3
OER,MOS,2
OER,JBU,10
OER,VHR,8
OER,OFL,2
OER,DAJ,5
OER,LAK,5
OER,WVO,8
OER,GUK,2
BGO,GVS,3
BGO,FAA,2
BGO,GSC,1
BGO,MLR,7
BGO,APW,2
BGO,DAD,5
BGO,EJC,2
BGO,MPA,1
BGO,CRS,19
BGO,YVE,1
BGO,TAW,2
BGO,PZE,1
BGO,OTY,17
BGO,DJG,9
BGO,GLK,3
BGO,KVW,1
BGO,KBT,1
BGO,TWW,4
BGO,WII,11
BGO,HON,6
BGO,DKR,2
BGO,YKI,25
BGO,SSY,4
BGO,OER,6
BGO,QOO,1
BGO,FID,1
BGO,QRH,3
BGO,QTI,4
BGO,ABC,8
BGO,FPK,1
BGO,CKQ,1
BGO,VVC,22
BGO,FRK,8
BGO,ZBU,4
BGO,UQK,15
BGO,TFH,1
BGO,TWT,2
BGO,JUR,2
BGO,JBU,30
BGO,ZLO,7
BGO,NFE,4
BGO,VHR,20
BGO,HBL,9
BGO,KTM,1
BGO,PIX,1
BGO,NLI,8
BGO,UOX,1
BGO,SWY,1
BGO,HFA,4
BGO,OFL,3
BGO,SEN,3
BGO,DAJ,20
BGO,LAK,6
BGO,WVO,7
BGO,GUK,4
BGO,LEU,7
BGO,CRF,3
QOO,GSC,1
QOO,MLR,1
QOO,CRS,2
QOO,OTY,9
QOO,TGV,6
QOO,HON,2
QOO,YKI,7
QOO,OER,1
QOO,BGO,1
QOO,QTI,1
QOO,ABC,6
QOO,VVC,7
QOO,FRK,1
QOO,ZBU,5
QOO,UQK,4
QOO,TFH,1
QOO,TWT,3
QOO,JBU,7
QOO,MWE,3
QOO,NFE,1
QOO,VHR,8
QOO,PIX,1
QOO,HVO,2
QOO,SWY,1
QOO,OFL,6
QOO,DAJ,3
QOO,LAK,13
QOO,WVO,3
QOO,YNP,1
QOO,GUK,3
QOO,LEU,1
ROY,OTY,1
ROY,YKI,1
ROY,DAJ,1
ROY,LAK,1
ROY,LEU,1
FID,YKI,2
FID,OER,1
FID,BGO,1
FID,UQK,1
FID,TWT,2
FID,JUR,1
FID,JBU,1
FID,AMD,2
FID,SEN,2
ERQ,OTY,2
ERQ,TGV,1
ERQ,YKI,1
ERQ,JBU,4
ERQ,HBL,1
ERQ,NLI,3
ERQ,SEN,1
ERQ,DAJ,1
ERQ,LAK,2
ERQ,WVO,2
QRH,GSC,1
QRH,CRS,2
QRH,PZE,1
QRH,OTY,6
QRH,TGV,15
QRH,WII,4
QRH,ZBE,1
QRH,HON,1
QRH,YKI,3
QRH,BGO,5
QRH,QTI,1
QRH,YLK,3
QRH,KON,1
QRH,VVC,1
QRH,FRK,4
QRH,ZBU,3
QRH,UQK,6
QRH,QDE,1
QRH,JBU,2
QRH,MWE,1
QRH,VHR,1
QRH,HBL,1
QRH,UOX,4
QRH,HVO,4
QRH,LAK,8
QRH,WVO,2
QRH,ECD,5
QRH,CRF,1
ZJT,GLK,4
ZJT,BGO,1
ZJT,VVC,1
ZJT,UQK,5
ZJT,JBU,2
ZJT,PIX,1
ZJT,NLI,1
ZJT,NXZ,2
ZJT,LAK,6
ZJT,GUK,2
FOK,GLK,1
FOK,UQK,1
FOK,TWT,1
FOK,LAK,3
QTI,GVS,1
QTI,MLR,2
QTI,SBN,1
QTI,JTL,1
QTI,CRS,2
QTI,OTY,14
QTI,GLK,4
QTI,TGV,4
QTI,WII,1
QTI,SAG,1
QTI,ZBE,5
QTI,HON,2
QTI,YKI,10
QTI,BGO,4
QTI,QOO,3
QTI,QRH,1
QTI,ABC,3
QTI,TWU,1
QTI,VVC,11
QTI,FRK,2
QTI,ZBU,8
QTI,UQK,1
QTI,TWT,1
QTI,MOS,1
QTI,JUR,2
QTI,JBU,6
QTI,VHR,3
QTI,LBN,1
QTI,DAJ,3
QTI,LAK,10
QTI,ECD,2
QTI,LEU,3
YLK,OTY,2
YLK,TGV,3
YLK,QRH,3
ABC,LUC,1
ABC,GVS,1
ABC,MLR,1
ABC,SBN,2
ABC,APW,1
ABC,LQY,1
ABC,DAD,2
ABC,YXL,2
ABC,MPA,1
ABC,PAP,1
ABC,CRS,14
ABC,RNQ,3
ABC,PZE,1
ABC,OTY,16
ABC,DJG,2
ABC,TGV,8
ABC,WII,2
ABC,FHO,1
ABC,ZBE,9
ABC,DKR,2
ABC,YKI,15
ABC,ZUX,1
ABC,OER,5
ABC,BGO,8
ABC,QOO,4
ABC,QTI,2
ABC,TWU,2
ABC,VVC,8
ABC,FRK,1
ABC,ZBU,7
ABC,APP,1
ABC,UQK,20
ABC,VPY,1
ABC,TFH,1
ABC,MOS,2
ABC,JUR,5
ABC,MXC,1
ABC,JBU,13
ABC,AMD,1
ABC,ZLO,2
ABC,MWE,9
ABC,NFE,5
ABC,VHR,8
ABC,XJD,6
ABC,HBL,7
ABC,PIX,2
ABC,NLI,1
ABC,HVO,7
ABC,VRJ,1
ABC,OFL,1
ABC,DAJ,10
ABC,NXZ,2
ABC,LAK,10
ABC,WVO,14
ABC,ECD,2
ABC,LEU,13
ABC,CRF,1
BSL,YKI,1
BSL,JBU,1
BSL,VHR,2
BSL,NLI,2
BSL,DAJ,2
BSL,LAK,5
FPK,DJG,1
FPK,GLK,1
FPK,BGO,1
FPK,UQK,1
FPK,TWT,1
FPK,JBU,3
FPK,VHR,2
FPK,HBL,1
FPK,OFL,1
FPK,LAK,1
RRF,GSC,1
RRF,VVC,1
CKQ,OTY,3
CKQ,DJG,2
CKQ,TGV,11
CKQ,BGO,1
CKQ,TWU,4
CKQ,KON,1
CKQ,TWT,5
CKQ,JBU,1
CKQ,HVO,1
CKQ,LAK,4
CKQ,ECD,1
CKQ,LEU,1
TWU,GVS,1
TWU,GSC,1
TWU,MLR,1
TWU,DAD,1
TWU,MPA,2
TWU,CRS,4
TWU,PZE,1
TWU,OTY,10
TWU,DJG,2
TWU,GLK,3
TWU,WII,3
TWU,HON,3
TWU,XBE,6
TWU,YKI,3
TWU,QTI,1
TWU,ABC,3
TWU,CKQ,3
TWU,VVC,6
TWU,FRK,2
TWU,ZBU,4
TWU,UQK,2
TWU,TWT,4
TWU,JBU,9
TWU,AMD,2
TWU,ZLO,2
TWU,MWE,5
TWU,VHR,6
TWU,HBL,10
TWU,PIX,3
TWU,NLI,4
TWU,DFL,1
TWU,UOX,3
TWU,SEN,3
TWU,DAJ,11
TWU,WVO,7
TWU,ECD,2
TWU,GUK,1
TWU,CRF,2
YDS,TGV,6
YDS,WVO,6
KON,GSC,2
KON,DAD,6
KON,MPA,2
KON,CRS,4
KON,OTY,4
KON,DJG,3
KON,GLK,2
KON,WII,2
KON,FHO,1
KON,ZBE,6
KON,HON,5
KON,YKI,12
KON,OER,3
KON,QOO,1
KON,QRH,1
KON,CKQ,1
KON,VVC,10
KON,FRK,1
KON,ZBU,1
KON,UQK,5
KON,TWT,1
KON,MXC,6
KON,JBU,13
KON,ZLO,3
KON,ZIF,2
KON,MWE,4
KON,VHR,7
KON,XJD,1
KON,HBL,5
KON,NLI,7
KON,VWJ,1
KON,HVO,6
KON,SWY,1
KON,SEN,8
KON,DAJ,12
KON,LAK,7
KON,WVO,3
KON,ECD,6
KON,GUK,10
KON,LEU,2
KON,CRF,1
CJS,YKI,1
CJS,VHR,1
CJS,DAJ,1
VVC,RQP,1
VVC,YLC,1
VVC,GVS,4
VVC,GSC,7
VVC,MLR,7
VVC,SBN,5
VVC,APW,1
VVC,LQY,4
VVC,XAX,1
VVC,ELS,2
VVC,YXL,5
VVC,MPA,1
VVC,JTL,8
VVC,CRS,11
VVC,TAW,6
VVC,RNQ,1
VVC,JIY,6
VVC,LAE,5
VVC,DJG,13
VVC,GLK,15
VVC,TGV,8
VVC,KGH,5
VVC,TWW,4
VVC,WII,6
VVC,MFJ,3
VVC,ZBE,12
VVC,HON,7
VVC,VBD,2
VVC,YKI,40
VVC,SSY,2
VVC,REU,4
VVC,WJM,3
VVC,TUZ,5
VVC,OER,4
VVC,BGO,20
VVC,QOO,3
VVC,QRH,1
VVC,YHO,1
VVC,QTI,9
VVC,ABC,9
VVC,RRF,1
VVC,TWU,6
VVC,KON,13
VVC,FRK,2
VVC,ZBU,3
VVC,UQK,30
VVC,VPY,1
VVC,TWT,16
VVC,JUR,9
VVC,MXC,6
VVC,JBU,37
VVC,ZLO,4
VVC,VCD,8
VVC,MWE,7
VVC,NFE,5
VVC,VHR,14
VVC,PUM,1
VVC,XRN,3
VVC,XJD,5
VVC,HBL,28
VVC,PIX,8
VVC,NLI,14
VVC,PLS,3
VVC,DFL,1
VVC,UOX,10
VVC,PEY,5
VVC,HVO,17
VVC,AJG,3
VVC,HFA,4
VVC,OFL,18
VVC,SEN,5
VVC,DAJ,26
VVC,OYB,1
VVC,CLW,7
VVC,LAK,44
VVC,WVO,17
VVC,ECD,12
VVC,GUK,17
VVC,LEU,9
VVC,CRF,8
FRK,CRS,2
FRK,OTY,4
FRK,GLK,9
FRK,TGV,18
FRK,WII,8
FRK,HXW,1
FRK,ZBE,1
FRK,HON,1
FRK,VBD,2
FRK,YKI,1
FRK,MRN,1
FRK,BGO,8
FRK,QOO,1
FRK,QRH,4
FRK,QTI,2
FRK,ABC,1
FRK,TWU,2
FRK,KON,1
FRK,VVC,2
FRK,ZBU,1
FRK,UQK,5
FRK,TWT,8
FRK,JBU,12
FRK,ZLO,1
FRK,MWE,2
FRK,XJD,6
FRK,KDL,2
FRK,HBL,5
FRK,NLI,2
FRK,HVO,7
FRK,DAJ,2
FRK,LAK,26
FRK,WVO,1
FRK,ECD,3
FRK,CRF,3
ZBU,KVG,1
ZBU,DGC,2
ZBU,LZO,1
ZBU,WGY,1
ZBU,DOK,1
ZBU,GSC,8
ZBU,MLR,3
ZBU,DAD,4
ZBU,MPA,3
ZBU,PAP,1
ZBU,CRS,2
ZBU,OTY,7
ZBU,DJG,4
ZBU,GLK,10
ZBU,TGV,6
ZBU,WII,5
ZBU,FGU,3
ZBU,ZBE,12
ZBU,HON,17
ZBU,YKI,15
ZBU,OER,3
ZBU,BGO,2
ZBU,QOO,5
ZBU,DNE,6
ZBU,QRH,2
ZBU,ZJT,1
ZBU,QTI,8
ZBU,ABC,8
ZBU,TWU,2
ZBU,KON,1
ZBU,VVC,4
ZBU,FRK,1
ZBU,UQK,16
ZBU,CSE,1
ZBU,QHT,3
ZBU,TWT,8
ZBU,JUR,2
ZBU,JBU,16
ZBU,ZLO,6
ZBU,MWE,8
ZBU,VHR,7
ZBU,XJD,1
ZBU,HBL,7
ZBU,NLI,18
ZBU,UOX,3
ZBU,SWY,1
ZBU,OFL,10
ZBU,LBN,2
ZBU,SEN,4
ZBU,DAJ,15
ZBU,NXZ,1
ZBU,LAK,14
ZBU,WVO,14
ZBU,ECD,7
ZBU,YNP,1
ZBU,GUK,6
ZBU,LEU,6
ZBU,CRF,2
APP,OTY,4
APP,DJG,1
APP,GLK,1
APP,HON,1
APP,ABC,1
APP,UQK,1
APP,ECD,1
UQK,AQV,1
UQK,AEF,2
UQK,PBU,1
UQK,OBL,1
UQK,YLC,1
UQK,ZMU,1
UQK,COF,2
UQK,DGC,1
UQK,GVS,2
UQK,SCX,2
UQK,LZO,3
UQK,WGY,1
UQK,DOK,1
UQK,DUO,1
UQK,GSC,9
UQK,ZFF,1
UQK,MLR,6
UQK,SBN,1
UQK,XAX,1
UQK,DAD,1
UQK,DSV,1
UQK,ARN,1
UQK,EJC,2
UQK,JLJ,1
UQK,JQB,1
UQK,CRS,13
UQK,TAW,2
UQK,WEO,1
UQK,PZE,2
UQK,OTY,24
UQK,JIY,1
UQK,DJG,5
UQK,GLK,45
UQK,TGV,31
UQK,KVW,1
UQK,WII,2
UQK,OGW,1
UQK,FGU,3
UQK,ZBE,12
UQK,HON,28
UQK,MLS,1
UQK,DKR,1
UQK,YKI,11
UQK,GLF,1
UQK,WJM,1
UQK,OER,1
UQK,BGO,9
UQK,QOO,3
UQK,FID,1
UQK,QRH,4
UQK,ZJT,6
UQK,FOK,1
UQK,QTI,1
UQK,ABC,20
UQK,FPK,1
UQK,CKQ,1
UQK,TWU,2
UQK,KON,3
UQK,VVC,5
UQK,FRK,5
UQK,ZBU,14
UQK,APP,1
UQK,CSE,1
UQK,QHT,3
UQK,VPY,1
UQK,TFH,2
UQK,TWT,12
UQK,MOS,2
UQK,JUR,9
UQK,MXC,1
UQK,JBU,2
UQK,ZLO,2
UQK,MWE,2
UQK,NFE,6
UQK,VHR,17
UQK,KDL,4
UQK,UON,1
UQK,PIX,5
UQK,PLS,2
UQK,ESC,1
UQK,QUJ,1
UQK,HFE,1
UQK,AAF,2
UQK,HVO,3
UQK,OFL,5
UQK,WYI,1
UQK,SEN,7
UQK,DAJ,19
UQK,NXZ,6
UQK,CLW,3
UQK,XJX,1
UQK,LAK,3
UQK,WVO,4
UQK,ECD,6
UQK,YNP,1
UQK,HPC,2
UQK,UAH,1
UQK,GUK,20
UQK,LEU,7
UQK,CRF,9
CSE,YKI,1
CSE,ZBU,1
CSE,UQK,1
CSE,NLI,1
CSE,LAK,5
QHT,GLK,2
QHT,YKI,1
QHT,ZBU,1
QHT,UQK,1
QHT,JBU,1
QHT,PIX,1
QHT,NLI,1
QHT,LAK,9
TFH,CRS,1
TFH,OTY,1
TFH,DJG,1
TFH,TGV,1
TFH,YKI,1
TFH,BGO,1
TFH,QOO,1
TFH,ABC,1
TFH,UQK,5
TFH,JUR,2
TFH,JBU,8
TFH,VHR,1
TFH,HBL,1
TFH,NLI,1
TFH,WVO,1
TFH,LEU,1
NEE,TWT,1
NEE,ZLO,3
NEE,AAF,1
NEE,LAK,6
TWT,GVS,1
TWT,LZO,4
TWT,DOK,2
TWT,GSC,3
TWT,MLR,2
TWT,LQY,4
TWT,DAD,4
TWT,DSV,1
TWT,YXL,1
TWT,MPA,2
TWT,CRS,9
TWT,YVE,2
TWT,WEO,3
TWT,OTY,4
TWT,JIY,1
TWT,LAE,5
TWT,DJG,13
TWT,GLK,17
TWT,TGV,6
TWT,WII,3
TWT,ZBE,12
TWT,HON,7
TWT,MLS,2
TWT,YKI,23
TWT,TVU,1
TWT,BGO,2
TWT,QOO,3
TWT,FID,2
TWT,FOK,1
TWT,QTI,1
TWT,FPK,1
TWT,CKQ,4
TWT,TWU,3
TWT,KON,1
TWT,VVC,16
TWT,ZBU,8
TWT,UQK,8
TWT,VPY,1
TWT,NEE,1
TWT,JUR,1
TWT,MXC,2
TWT,JBU,26
TWT,ZLO,3
TWT,ZIF,1
TWT,NFE,1
TWT,VHR,14
TWT,AAH,1
TWT,HBL,9
TWT,PIX,1
TWT,NLI,26
TWT,ESC,3
TWT,HFE,3
TWT,AAF,4
TWT,SWY,1
TWT,HFA,5
TWT,OFL,10
TWT,LBN,1
TWT,WYI,2
TWT,SEN,8
TWT,DAJ,13
TWT,NXZ,2
TWT,CJZ,1
TWT,WVO,1
TWT,ECD,9
TWT,GUK,3
TWT,LEU,7
TWT,CRF,3
TGA,HYW,1
TGA,HON,2
TGA,UAH,1
MOS,GLK,2
MOS,YKI,2
MOS,OER,1
MOS,QTI,1
MOS,ABC,2
MOS,UQK,2
MOS,JBU,4
MOS,LAK,1
QDE,OTY,2
QDE,UOX,1
MXC,GSC,1
MXC,OTY,2
MXC,DJG,2
MXC,KON,9
MXC,VVC,3
MXC,UQK,1
MXC,TWT,2
MXC,VHR,1
MXC,DAJ,1
MXC,LAK,3
MXC,WVO,1
JBU,GVS,6
JBU,SCX,1
JBU,LZO,1
JBU,WGY,3
JBU,DUO,1
JBU,GSC,1
JBU,MLR,13
JBU,SBN,1
JBU,APW,8
JBU,JWI,1
JBU,JCC,1
JBU,XAX,3
JBU,DAD,5
JBU,DSV,2
JBU,TUO,3
JBU,YXL,1
JBU,MPA,2
JBU,JTL,1
JBU,CRS,10
JBU,TAW,3
JBU,RNQ,1
JBU,WEO,2
JBU,PZE,4
JBU,OTY,36
JBU,JIY,1
JBU,LAE,3
JBU,DJG,7
JBU,GLK,15
JBU,TGV,33
JBU,WII,12
JBU,FHO,1
JBU,FGU,1
JBU,MFJ,1
JBU,ZBE,15
JBU,HON,9
JBU,VBD,3
JBU,MLS,4
JBU,DKR,1
JBU,SSY,2
JBU,GLF,2
JBU,OER,7
JBU,BGO,25
JBU,QOO,4
JBU,DNE,3
JBU,FID,1
JBU,ERQ,3
JBU,QRH,2
JBU,ZJT,2
JBU,YHO,1
JBU,QTI,6
JBU,ABC,14
JBU,FPK,5
JBU,CKQ,1
JBU,TWU,7
JBU,KON,14
JBU,CGK,1
JBU,VVC,38
JBU,FRK,9
JBU,ZBU,16
JBU,UQK,11
JBU,QHT,1
JBU,VPY,1
JBU,TFH,7
JBU,TWT,19
JBU,MOS,4
JBU,JUR,7
JBU,AMD,3
JBU,ZLO,5
JBU,ZIF,1
JBU,MWE,23
JBU,NFE,1
JBU,VHR,28
JBU,PUM,1
JBU,CME,1
JBU,XJD,11
JBU,KDL,3
JBU,UON,1
JBU,HBL,22
JBU,KTM,2
JBU,PIX,1
JBU,NLI,18
JBU,DFL,3
JBU,VWJ,1
JBU,UOX,1
JBU,PEY,5
JBU,QUJ,3
JBU,HFE,3
JBU,HVO,6
JBU,VRJ,2
JBU,LBN,2
JBU,WYI,1
JBU,SEN,13
JBU,DAJ,22
JBU,NXZ,2
JBU,CJZ,1
JBU,XJX,1
JBU,LAK,15
JBU,WVO,18
JBU,ECD,4
JBU,YNP,3
JBU,GUK,7
JBU,LEU,10
JBU,CRF,5
AMD,MLR,1
AMD,OTY,1
AMD,GLK,1
AMD,WII,1
AMD,YKI,3
AMD,FID,2
AMD,ABC,1
AMD,TWU,2
AMD,JBU,2
AMD,VHR,2
AMD,HBL,1
AMD,NLI,1
AMD,DFL,1
AMD,LAK,1
AMD,GUK,1
ZLO,DOK,9
ZLO,MLR,1
ZLO,LQY,16
ZLO,JWI,1
ZLO,BBD,9
ZLO,CRS,3
ZLO,HYW,4
ZLO,OTY,5
ZLO,GLK,2
ZLO,TGV,3
ZLO,WII,3
ZLO,FGU,2
ZLO,ZBE,2
ZLO,HON,1
ZLO,YKI,8
ZLO,TVU,5
ZLO,EZC,3
ZLO,BGO,7
ZLO,ABC,2
ZLO,TWU,2
ZLO,KON,3
ZLO,VVC,4
ZLO,FRK,1
ZLO,ZBU,7
ZLO,UQK,2
ZLO,NEE,3
ZLO,TWT,3
ZLO,JBU,4
ZLO,MWE,1
ZLO,VHR,3
ZLO,HBL,2
ZLO,NLI,3
ZLO,YDN,1
ZLO,ESC,14
ZLO,AAF,12
ZLO,HVO,1
ZLO,HFA,4
ZLO,JVF,8
ZLO,DAJ,1
ZLO,LAK,3
ZLO,WVO,1
ZLO,GUK,1
ZLO,LEU,2
VCD,OTY,1
VCD,ZBE,1
VCD,YKI,2
VCD,VVC,8
VCD,VHR,6
VCD,OFL,2
VCD,DAJ,1
VCD,LAK,5
VCD,WVO,1
ZIF,OTY,1
ZIF,TGV,2
ZIF,YKI,4
ZIF,KON,1
ZIF,TWT,1
ZIF,JBU,2
ZIF,MWE,1
ZIF,HBL,2
ZIF,PIX,1
ZIF,NLI,4
ZIF,DAJ,1
ZIF,LAK,3
ZIF,ECD,1
ZIF,LEU,1
MWE,GVS,5
MWE,GSC,8
MWE,MLR,3
MWE,DSV,1
MWE,CSQ,4
MWE,CRS,9
MWE,PZE,3
MWE,OTY,14
MWE,DJG,9
MWE,GLK,7
MWE,TGV,13
MWE,TWW,1
MWE,WII,8
MWE,HON,7
MWE,DKR,1
MWE,YKI,19
MWE,QOO,3
MWE,QRH,1
MWE,ABC,8
MWE,TWU,5
MWE,KON,4
MWE,CGK,1
MWE,VVC,8
MWE,FRK,2
MWE,ZBU,8
MWE,UQK,2
MWE,JUR,3
MWE,JBU,28
MWE,ZLO,1
MWE,ZIF,1
MWE,VHR,4
MWE,KTM,1
MWE,PIX,4
MWE,UOX,3
MWE,SWY,1
MWE,OFL,5
MWE,LBN,2
MWE,SEN,5
MWE,DAJ,20
MWE,LAK,11
MWE,ECD,6
MWE,GUK,10
MWE,LEU,13
NFE,GVS,1
NFE,GSC,1
NFE,OTY,1
NFE,TGV,1
NFE,ZBE,1
NFE,HON,2
NFE,YKI,1
NFE,BGO,4
NFE,QOO,1
NFE,ABC,2
NFE,VVC,11
NFE,UQK,3
NFE,TWT,1
NFE,JBU,1
NFE,VHR,1
NFE,HBL,2
NFE,NLI,3
NFE,SWY,1
NFE,DAJ,1
NFE,LAK,5
NFE,ECD,1
NFE,LEU,5
VHR,WGY,1
VHR,DOK,1
VHR,GSC,4
VHR,MLR,5
VHR,SBN,1
VHR,TUO,1
VHR,JTL,1
VHR,PZE,3
VHR,OTY,5
VHR,DJG,11
VHR,GLK,7
VHR,TGV,12
VHR,WII,7
VHR,FHO,1
VHR,SAG,1
VHR,ZBE,9
VHR,HON,7
VHR,XBE,1
VHR,YKI,15
VHR,WJM,1
VHR,OER,6
VHR,BGO,19
VHR,QOO,7
VHR,QRH,1
VHR,QTI,3
VHR,ABC,9
VHR,BSL,2
VHR,FPK,2
VHR,TWU,7
VHR,KON,8
VHR,CGK,1
VHR,CJS,1
VHR,VVC,13
VHR,ZBU,6
VHR,UQK,16
VHR,VPY,2
VHR,TFH,3
VHR,TWT,19
VHR,JUR,10
VHR,MXC,1
VHR,JBU,27
VHR,AMD,2
VHR,ZLO,2
VHR,VCD,6
VHR,MWE,4
VHR,NFE,1
VHR,BYR,1
VHR,HBL,8
VHR,KTM,1
VHR,NLI,1
VHR,DFL,2
VHR,HVO,7
VHR,SWY,1
VHR,OFL,5
VHR,WYI,2
VHR,SEN,4
VHR,DAJ,8
VHR,CJZ,1
VHR,LAK,18
VHR,WVO,6
VHR,TRH,1
VHR,ECD,15
VHR,YNP,1
VHR,GUK,8
VHR,LEU,8
VHR,CRF,3
CME,YKI,1
CME,JBU,1
CME,NLI,2
CME,DAJ,25
CME,LAK,2
BYR,TGV,1
BYR,NLI,1
BYR,DAJ,2
XJD,MLR,2
XJD,CRS,3
XJD,OTY,4
XJD,GLK,1
XJD,TGV,5
XJD,WII,1
XJD,HON,1
XJD,YKI,24
XJD,ABC,3
XJD,KON,1
XJD,VVC,4
XJD,FRK,4
XJD,ZBU,1
XJD,JBU,10
XJD,LBN,2
XJD,DAJ,5
XJD,LAK,3
XJD,WVO,2
XJD,GUK,2
XJD,LEU,1
KDL,GSC,1
KDL,MLR,1
KDL,OTY,1
KDL,TGV,3
KDL,ZBE,1
KDL,YKI,1
KDL,FRK,1
KDL,UQK,4
KDL,JBU,5
KDL,HBL,1
KDL,PLS,1
KDL,DAJ,2
KDL,LAK,3
KDL,ECD,4
UON,YKI,2
UON,UQK,2
UON,JBU,2
UON,HBL,1
UON,UOX,1
UON,LAK,1
HBL,GVS,3
HBL,WGY,1
HBL,GSC,6
HBL,MLR,5
HBL,SBN,1
HBL,JCC,1
HBL,DAD,1
HBL,NFO,1
HBL,YXL,2
HBL,JTL,2
HBL,CRS,10
HBL,YVE,1
HBL,TAW,6
HBL,RNQ,2
HBL,WEO,1
HBL,PZE,1
HBL,OTY,31
HBL,DJG,8
HBL,GLK,10
HBL,TGV,12
HBL,TWW,5
HBL,WII,9
HBL,FGU,2
HBL,ZBE,8
HBL,HON,8
HBL,MLS,1
HBL,DKR,2
HBL,YKI,17
HBL,GLF,2
HBL,WJM,1
HBL,BGO,5
HBL,ERQ,1
HBL,ZJT,1
HBL,ABC,6
HBL,FPK,1
HBL,TWU,9
HBL,KON,4
HBL,CGK,2
HBL,VVC,21
HBL,FRK,5
HBL,ZBU,9
HBL,VPY,1
HBL,TWT,9
HBL,JUR,2
HBL,JBU,24
HBL,AMD,1
HBL,ZLO,2
HBL,ZIF,1
HBL,NFE,2
HBL,VHR,8
HBL,XRN,1
HBL,KDL,1
HBL,UON,1
HBL,PIX,6
HBL,VWJ,2
HBL,UOX,2
HBL,ESC,2
HBL,AAF,1
HBL,SWY,2
HBL,VRJ,1
HBL,OFL,1
HBL,LBN,1
HBL,WYI,1
HBL,DAJ,16
HBL,OYB,2
HBL,CLW,4
HBL,LAK,30
HBL,WVO,9
HBL,TRH,2
HBL,ECD,9
HBL,YNP,2
HBL,GUK,7
HBL,LEU,15
KTM,GVS,1
KTM,MLR,1
KTM,DJG,1
KTM,TGV,1
KTM,BGO,1
KTM,JBU,1
KTM,MWE,1
KTM,VHR,1
KTM,DAJ,2
KTM,LAK,3
KTM,WVO,4
KTM,ECD,4
PIX,GSC,2
PIX,SBN,5
PIX,OTY,2
PIX,DJG,2
PIX,GLK,6
PIX,TGV,1
PIX,FGU,1
PIX,ZBE,2
PIX,HON,7
PIX,YKI,9
PIX,BGO,1
PIX,QOO,1
PIX,ZJT,1
PIX,ABC,2
PIX,TWU,3
PIX,VVC,8
PIX,UQK,1
PIX,QHT,1
PIX,JBU,1
PIX,ZIF,1
PIX,MWE,3
PIX,HBL,6
PIX,NLI,11
PIX,HVO,1
PIX,DAJ,1
PIX,LAK,18
PIX,GUK,1
PIX,LEU,1
NLI,GVS,3
NLI,LZO,1
NLI,DOK,2
NLI,FAA,4
NLI,GSC,1
NLI,MLR,4
NLI,LQY,1
NLI,JCC,1
NLI,DAD,1
NLI,TUO,1
NLI,ANG,2
NLI,PAP,1
NLI,CRS,4
NLI,RNQ,1
NLI,OTY,21
NLI,DJG,8
NLI,EVA,1
NLI,TGV,13
NLI,KBT,1
NLI,TWW,1
NLI,WII,11
NLI,MFJ,1
NLI,ZBE,7
NLI,HON,2
NLI,DKR,2
NLI,XBE,2
NLI,YKI,33
NLI,SSY,4
NLI,MRN,1
NLI,REU,1
NLI,BGO,12
NLI,DNE,1
NLI,ERQ,1
NLI,ABC,1
NLI,BSL,2
NLI,TWU,4
NLI,KON,10
NLI,CGK,1
NLI,VVC,17
NLI,FRK,2
NLI,ZBU,19
NLI,CSE,1
NLI,TFH,3
NLI,TWT,24
NLI,JUR,1
NLI,JBU,23
NLI,AMD,1
NLI,ZLO,3
NLI,ZIF,4
NLI,VHR,1
NLI,XRN,1
NLI,BYR,2
NLI,PIX,10
NLI,VWJ,2
NLI,UOX,2
NLI,HVO,4
NLI,SWY,1
NLI,HFA,4
NLI,OFL,4
NLI,LBN,1
NLI,DAJ,18
NLI,NXZ,1
NLI,OYB,1
NLI,LAK,19
NLI,WVO,24
NLI,ECD,9
NLI,YNP,1
NLI,LEU,6
HAO,YKI,1
HAO,WVO,2
DFL,GVS,1
DFL,GSC,1
DFL,CRS,2
DFL,HON,1
DFL,YKI,4
DFL,TWU,1
DFL,VVC,2
DFL,JBU,3
DFL,AMD,2
DFL,VHR,2
DFL,SEN,1
DFL,DAJ,3
DFL,WVO,1
DFL,ECD,1
DFL,LEU,1
VWJ,TGV,2
VWJ,ZBE,3
VWJ,YKI,1
VWJ,KON,1
VWJ,JBU,1
VWJ,HBL,4
VWJ,NLI,2
VWJ,LAK,1
UOX,MLR,1
UOX,WEO,1
UOX,PZE,1
UOX,OTY,22
UOX,TGV,4
UOX,YKI,1
UOX,BGO,1
UOX,QRH,5
UOX,YHO,3
UOX,TWU,3
UOX,VVC,11
UOX,ZBU,3
UOX,QDE,1
UOX,JBU,1
UOX,MWE,1
UOX,UON,1
UOX,HBL,2
UOX,NLI,1
UOX,AJG,1
UOX,DAJ,2
UOX,IUC,3
UOX,LAK,6
UOX,HST,1
UOX,WVO,4
UOX,ECD,3
ESC,DOK,1
ESC,HON,2
ESC,UQK,1
ESC,TWT,2
ESC,ZLO,14
ESC,HBL,2
ESC,LAK,3
PEY,CRS,1
PEY,OTY,1
PEY,ZBE,1
PEY,HON,1
PEY,YKI,4
PEY,VVC,5
PEY,JBU,5
PEY,DAJ,1
PEY,LAK,2
PEY,ECD,1
QUJ,YKI,1
QUJ,UQK,1
QUJ,JBU,4
QUJ,DAJ,3
QUJ,LAK,5
AAF,DOK,1
AAF,LQY,4
AAF,HON,2
AAF,UQK,2
AAF,NEE,1
AAF,TWT,4
AAF,ZLO,12
AAF,HBL,1
AAF,LAK,1
HVO,GVS,1
HVO,LZO,1
HVO,GSC,1
HVO,MLR,8
HVO,DAD,6
HVO,CRS,6
HVO,OTY,15
HVO,DJG,5
HVO,GLK,12
HVO,TGV,5
HVO,KBT,2
HVO,WII,8
HVO,ZBE,4
HVO,HON,16
HVO,DKR,4
HVO,YKI,18
HVO,QOO,2
HVO,QRH,4
HVO,ABC,8
HVO,CKQ,1
HVO,KON,6
HVO,VVC,17
HVO,FRK,7
HVO,UQK,6
HVO,JBU,6
HVO,ZLO,1
HVO,VHR,7
HVO,PIX,1
HVO,NLI,4
HVO,OFL,1
HVO,SEN,11
HVO,DAJ,8
HVO,CLW,1
HVO,LAK,1
HVO,WVO,12
HVO,ECD,4
HVO,GUK,9
HVO,LEU,1
AJG,OTY,1
AJG,VVC,3
AJG,TWT,3
AJG,UOX,1
VRJ,OTY,1
VRJ,HON,2
VRJ,YKI,1
VRJ,ABC,1
VRJ,JBU,2
VRJ,HBL,1
VRJ,WVO,1
HFA,LQY,4
HFA,TGV,10
HFA,WII,3
HFA,HON,1
HFA,BGO,4
HFA,VVC,4
HFA,TWT,8
HFA,ZLO,4
HFA,NLI,4
HFA,SEN,1
HFA,DAJ,1
HFA,LAK,2
HFA,GUK,1
OFL,APW,4
OFL,CRS,5
OFL,OTY,12
OFL,DJG,1
OFL,GLK,1
OFL,TGV,1
OFL,ZBE,7
OFL,OER,1
OFL,BGO,3
OFL,QOO,8
OFL,ABC,3
OFL,FPK,1
OFL,VVC,12
OFL,ZBU,10
OFL,UQK,5
OFL,TWT,10
OFL,VCD,2
OFL,MWE,5
OFL,VHR,6
OFL,NLI,3
OFL,HVO,1
OFL,SWY,2
OFL,SEN,3
OFL,DAJ,3
OFL,LAK,11
OFL,WVO,10
OFL,ECD,2
OFL,LEU,1
LBN,OTY,3
LBN,QTI,1
LBN,ZBU,2
LBN,TWT,1
LBN,JBU,4
LBN,MWE,2
LBN,XJD,1
LBN,HBL,1
LBN,SEN,1
LBN,DAJ,1
LBN,LAK,3
LBN,ECD,2
LBN,LEU,17
JVF,GLK,2
JVF,ZLO,8
JVF,LAK,2
WYI,UQK,1
WYI,TWT,2
WYI,JBU,1
WYI,VHR,2
WYI,HBL,1
SEN,WGY,6
SEN,GSC,5
SEN,MLR,2
SEN,YXL,3
SEN,MPA,3
SEN,JTL,1
SEN,CRS,1
SEN,YVE,1
SEN,OTY,6
SEN,DJG,8
SEN,GLK,8
SEN,TGV,10
SEN,WII,4
SEN,ZBE,4
SEN,HON,6
SEN,YKI,4
SEN,BGO,3
SEN,FID,2
SEN,ERQ,1
SEN,TWU,3
SEN,KON,8
SEN,VVC,11
SEN,ZBU,6
SEN,UQK,11
SEN,TWT,3
SEN,JBU,13
SEN,MWE,5
SEN,VHR,3
SEN,NLI,2
SEN,PLS,3
SEN,DFL,1
SEN,UOX,3
SEN,HVO,11
SEN,HFA,1
SEN,OFL,3
SEN,LBN,1
SEN,DAJ,6
SEN,LAK,9
SEN,ECD,5
SEN,YNP,3
SEN,LEU,12
DAJ,GVS,21
DAJ,WGY,1
DAJ,GSC,6
DAJ,MLR,4
DAJ,SBN,1
DAJ,KCG,2
DAJ,DAD,1
DAJ,NFO,4
DAJ,YXL,6
DAJ,MPA,4
DAJ,JTL,1
DAJ,CRS,2
DAJ,YVE,2
DAJ,RNQ,1
DAJ,WEO,1
DAJ,PZE,1
DAJ,OTY,45
DAJ,DJG,11
DAJ,GLK,11
DAJ,TGV,12
DAJ,TWW,35
DAJ,WII,5
DAJ,FHO,1
DAJ,MFJ,4
DAJ,SAG,1
DAJ,ZBE,12
DAJ,HON,6
DAJ,VBD,1
DAJ,YKI,19
DAJ,WJM,4
DAJ,OER,5
DAJ,BGO,20
DAJ,QOO,4
DAJ,DNE,1
DAJ,ROY,1
DAJ,GUW,8
DAJ,ERQ,2
DAJ,YHO,1
DAJ,QTI,2
DAJ,ABC,9
DAJ,BSL,2
DAJ,TWU,15
DAJ,KON,10
DAJ,CGK,3
DAJ,CJS,1
DAJ,VVC,35
DAJ,FRK,4
DAJ,ZBU,15
DAJ,UQK,21
DAJ,VPY,1
DAJ,TWT,17
DAJ,JUR,4
DAJ,JBU,25
DAJ,ZLO,1
DAJ,VCD,1
DAJ,MWE,19
DAJ,NFE,1
DAJ,VHR,6
DAJ,PUM,12
DAJ,XRN,1
DAJ,CME,23
DAJ,BYR,1
DAJ,XJD,5
DAJ,KDL,2
DAJ,HBL,19
DAJ,KTM,1
DAJ,PIX,1
DAJ,NLI,19
DAJ,PLS,2
DAJ,DFL,3
DAJ,UOX,2
DAJ,PEY,1
DAJ,QUJ,4
DAJ,HVO,10
DAJ,SWY,2
DAJ,HFA,1
DAJ,OFL,3
DAJ,SEN,11
DAJ,LAK,32
DAJ,HST,3
DAJ,WVO,21
DAJ,ECD,18
DAJ,YNP,1
DAJ,HPC,1
DAJ,GUK,13
DAJ,LEU,1
CJZ,TGV,1
CJZ,JBU,1
CJZ,VHR,1
CJZ,LAK,2
CJZ,WVO,1
CJZ,CRF,1
OYB,EVA,2
OYB,WII,17
OYB,VVC,1
OYB,HBL,2
OYB,NLI,1
OYB,LAK,1
ICP,WII,3
CLW,OTY,5
CLW,TGV,1
CLW,YKI,1
CLW,VVC,5
CLW,UQK,3
CLW,HBL,4
CLW,HVO,1
CLW,LAK,1
CLW,WVO,1
LAK,KVG,2
LAK,LAA,1
LAK,FLX,2
LAK,LUC,2
LAK,VIC,1
LAK,TOG,2
LAK,BYJ,6
LAK,RSR,1
LAK,INF,1
LAK,YOJ,1
LAK,SNW,2
LAK,GVS,5
LAK,WGY,5
LAK,DOK,2
LAK,FAA,3
LAK,DUO,7
LAK,GSC,12
LAK,ZFF,1
LAK,MLR,27
LAK,SBN,1
LAK,APW,5
LAK,LQY,4
LAK,JWI,6
LAK,XAX,1
LAK,DAD,13
LAK,TUO,1
LAK,ANG,1
LAK,ARN,1
LAK,ELS,1
LAK,NFO,3
LAK,YXL,5
LAK,MPA,3
LAK,PAP,1
LAK,JQB,2
LAK,CRS,14
LAK,TAW,3
LAK,HYW,2
LAK,RNQ,4
LAK,WEO,1
LAK,PZE,10
LAK,OTY,17
LAK,LAE,4
LAK,DJG,7
LAK,GLK,28
LAK,TGV,39
LAK,KVW,3
LAK,KGH,2
LAK,TWW,2
LAK,WII,20
LAK,FGU,5
LAK,MFJ,3
LAK,SAG,1
LAK,ZBE,36
LAK,HON,37
LAK,VBD,2
LAK,DKR,4
LAK,YKI,32
LAK,GLF,1
LAK,REU,3
LAK,ZUX,2
LAK,TUZ,1
LAK,OER,3
LAK,BGO,6
LAK,QOO,12
LAK,DNE,3
LAK,ROY,1
LAK,GUW,1
LAK,ERQ,2
LAK,QRH,8
LAK,ZJT,2
LAK,FOK,2
LAK,QTI,11
LAK,ABC,10
LAK,BSL,4
LAK,FPK,1
LAK,CKQ,4
LAK,KON,11
LAK,VVC,45
LAK,FRK,28
LAK,ZBU,10
LAK,UQK,8
LAK,CSE,5
LAK,QHT,6
LAK,VPY,1
LAK,NEE,4
LAK,MOS,1
LAK,JUR,8
LAK,MXC,5
LAK,JBU,23
LAK,AMD,1
LAK,ZLO,4
LAK,VCD,3
LAK,ZIF,3
LAK,MWE,16
LAK,NFE,4
LAK,VHR,12
LAK,PUM,2
LAK,CME,2
LAK,XJD,6
LAK,KDL,3
LAK,UON,2
LAK,HBL,38
LAK,KTM,2
LAK,PIX,17
LAK,NLI,20
LAK,VWJ,2
LAK,UOX,8
LAK,YDN,2
LAK,ESC,3
LAK,PEY,1
LAK,QUJ,3
LAK,HFE,3
LAK,AAF,2
LAK,HVO,3
LAK,SWY,5
LAK,HFA,1
LAK,OFL,10
LAK,LBN,4
LAK,JVF,1
LAK,SEN,14
LAK,DAJ,33
LAK,NXZ,1
LAK,CJZ,1
LAK,OYB,1
LAK,CLW,1
LAK,XJX,2
LAK,HST,1
LAK,WVO,16
LAK,ECD,12
LAK,YNP,2
LAK,UAH,1
LAK,GUK,19
LAK,LEU,19
LAK,CRF,9
HST,NLI,1
HST,DAJ,5
WVO,GSC,2
WVO,MLR,3
WVO,SBN,1
WVO,TUO,2
WVO,MPA,1
WVO,CRS,1
WVO,TAW,1
WVO,OTY,15
WVO,DJG,4
WVO,GLK,9
WVO,TGV,22
WVO,WII,4
WVO,FHO,1
WVO,SAG,1
WVO,ZBE,18
WVO,HON,7
WVO,VBD,2
WVO,MLS,1
WVO,XBE,2
WVO,YKI,2
WVO,ZUX,4
WVO,OER,8
WVO,BGO,6
WVO,QOO,3
WVO,FID,1
WVO,ERQ,2
WVO,QRH,2
WVO,ABC,14
WVO,TWU,7
WVO,YDS,9
WVO,KON,5
WVO,VVC,15
WVO,FRK,1
WVO,ZBU,14
WVO,UQK,6
WVO,VPY,1
WVO,TFH,1
WVO,TWT,2
WVO,MXC,2
WVO,JBU,18
WVO,ZLO,1
WVO,VCD,1
WVO,VHR,6
WVO,XJD,2
WVO,HBL,9
WVO,KTM,4
WVO,NLI,24
WVO,HAO,2
WVO,DFL,1
WVO,HVO,10
WVO,SWY,1
WVO,VRJ,1
WVO,OFL,10
WVO,DAJ,21
WVO,CLW,3
WVO,LAK,13
WVO,ECD,10
WVO,GUK,3
WVO,LEU,8
ECD,LUC,1
ECD,GVS,1
ECD,MLR,1
ECD,SBN,1
ECD,MPA,1
ECD,JTL,1
ECD,CRS,11
ECD,OTY,16
ECD,DJG,8
ECD,GLK,3
ECD,TGV,7
ECD,TWW,2
ECD,WII,7
ECD,FGU,1
ECD,MFJ,1
ECD,HON,7
ECD,WJM,1
ECD,QRH,5
ECD,QTI,3
ECD,ABC,2
ECD,CKQ,1
ECD,TWU,2
ECD,KON,6
ECD,CGK,1
ECD,VVC,12
ECD,FRK,3
ECD,ZBU,7
ECD,APP,1
ECD,UQK,7
ECD,TWT,12
ECD,JUR,6
ECD,JBU,5
ECD,MWE,6
ECD,NFE,1
ECD,VHR,11
ECD,PUM,1
ECD,AAH,2
ECD,KDL,5
ECD,HBL,11
ECD,KTM,4
ECD,NLI,9
ECD,DFL,1
ECD,UOX,4
ECD,PEY,1
ECD,HVO,4
ECD,SWY,1
ECD,OFL,2
ECD,LBN,2
ECD,SEN,5
ECD,DAJ,22
ECD,LAK,18
ECD,WVO,14
ECD,HPC,2
ECD,GUK,4
ECD,LEU,4
ECD,CRF,1
YNP,YKI,1
YNP,QOO,1
YNP,VVC,3
YNP,ZBU,1
YNP,UQK,1
YNP,JBU,2
YNP,VHR,1
YNP,HBL,1
YNP,NLI,1
YNP,DAJ,2
YNP,LAK,2
UAH,HON,3
UAH,UQK,1
UAH,TGA,1
UAH,LAK,1
GUK,SCX,1
GUK,GSC,3
GUK,MLR,1
GUK,SBN,2
GUK,CRS,12
GUK,OTY,7
GUK,DJG,1
GUK,TGV,2
GUK,ZBE,2
GUK,VBD,1
GUK,DKR,3
GUK,YKI,14
GUK,OER,3
GUK,BGO,4
GUK,QOO,2
GUK,ZJT,2
GUK,KON,9
GUK,VVC,17
GUK,ZBU,4
GUK,UQK,18
GUK,VPY,1
GUK,TWT,3
GUK,JBU,8
GUK,AMD,1
GUK,ZLO,1
GUK,MWE,10
GUK,VHR,8
GUK,XJD,4
GUK,HBL,7
GUK,PIX,4
GUK,HVO,8
GUK,HFA,1
GUK,DAJ,12
GUK,NXZ,3
GUK,LAK,17
GUK,WVO,3
GUK,ECD,3
GUK,CRF,2
LEU,GVS,8
LEU,WGY,1
LEU,MLR,8
LEU,DSV,2
LEU,MPA,1
LEU,JTL,7
LEU,CRS,10
LEU,YVE,2
LEU,WEO,1
LEU,OTY,15
LEU,DJG,7
LEU,GLK,4
LEU,TGV,5
LEU,TWW,1
LEU,WII,3
LEU,MFJ,1
LEU,ZBE,10
LEU,HON,1
LEU,YKI,14
LEU,BGO,6
LEU,QOO,1
LEU,ROY,1
LEU,QTI,2
LEU,ABC,12
LEU,CKQ,1
LEU,KON,3
LEU,CGK,5
LEU,VVC,17
LEU,ZBU,5
LEU,UQK,6
LEU,TFH,1
LEU,TWT,6
LEU,JUR,2
LEU,JBU,6
LEU,ZLO,2
LEU,ZIF,1
LEU,MWE,15
LEU,VHR,8
LEU,XJD,1
LEU,AAH,5
LEU,HBL,11
LEU,PIX,1
LEU,NLI,8
LEU,DFL,1
LEU,HVO,2
LEU,OFL,1
LEU,LBN,15
LEU,SEN,10
LEU,DAJ,1
LEU,LAK,21
LEU,WVO,10
LEU,ECD,4
LEU,GUK,1
LEU,CRF,6
CRF,GVS,1
CRF,MLR,2
CRF,SBN,1
CRF,MPA,2
CRF,CRS,3
CRF,OTY,7
CRF,DJG,2
CRF,GLK,1
CRF,TGV,11
CRF,ZBE,4
CRF,HON,3
CRF,YKI,7
CRF,BGO,1
CRF,QRH,1
CRF,ABC,1
CRF,TWU,2
CRF,KON,1
CRF,VVC,17
CRF,FRK,3
CRF,ZBU,2
CRF,UQK,11
CRF,TWT,3
CRF,JBU,13
CRF,VHR,3
CRF,SWY,1
CRF,DAJ,7
CRF,CJZ,1
CRF,LAK,11
CRF,ECD,1
CRF,GUK,2
CRF,LEU,3
